TIN_,ECN_1,DOB_1,Name1,ECN_2,DOB_2,Name2,OTHER,WorkRequestType
555,1,05-11-92,Akarsha,2,05-11-93,Tony,Tin,TinDuplication
556,3,05-11-94,Dragon,4,05-11-95,Bruce,Another,TinDuplication
557,1,05-11-92,Akarsha,2,05-11-93,Tony,Tin,TinDuplication
558,3,05-11-94,Dragon,4,05-11-95,Bruce,Another,TinDuplication
559,1,05-11-92,Akarsha,2,05-11-93,Tony,Tin,TinDuplication
560,3,05-11-94,Dragon,4,05-11-95,Bruce,Another,TinDuplication
561,1,05-11-92,Akarsha,2,05-11-93,Tony,Tin,TinDuplication
562,3,05-11-94,Dragon,4,05-11-95,Bruce,Another,TinDuplication
563,1,05-11-92,Akarsha,2,05-11-93,Tony,Tin,TinDuplication
564,3,05-11-94,Dragon,4,05-11-95,Bruce,Another,TinDuplication
565,1,05-11-92,Akarsha,2,05-11-93,Tony,Tin,TinDuplication
566,3,05-11-94,Dragon,4,05-11-95,Bruce,Another,TinDuplication
567,1,05-11-92,Akarsha,2,05-11-93,Tony,Tin,TinDuplication
568,3,05-11-94,Dragon,4,05-11-95,Bruce,Another,TinDuplication
569,1,05-11-92,Akarsha,2,05-11-93,Tony,Tin,TinDuplication
570,3,05-11-94,Dragon,4,05-11-95,Bruce,Another,TinDuplication
571,1,05-11-92,Akarsha,2,05-11-93,Tony,Tin,TinDuplication
572,3,05-11-94,Dragon,4,05-11-95,Bruce,Another,TinDuplication
573,1,05-11-92,Akarsha,2,05-11-93,Tony,Tin,TinDuplication
574,3,05-11-94,Dragon,4,05-11-95,Bruce,Another,TinDuplication
575,1,05-11-92,Akarsha,2,05-11-93,Tony,Tin,TinDuplication
576,3,05-11-94,Dragon,4,05-11-95,Bruce,Another,TinDuplication
577,1,05-11-92,Akarsha,2,05-11-93,Tony,Tin,TinDuplication
578,3,05-11-94,Dragon,4,05-11-95,Bruce,Another,TinDuplication
579,1,05-11-92,Akarsha,2,05-11-93,Tony,Tin,TinDuplication
580,3,05-11-94,Dragon,4,05-11-95,Bruce,Another,TinDuplication
581,1,05-11-92,Akarsha,2,05-11-93,Tony,Tin,TinDuplication
582,3,05-11-94,Dragon,4,05-11-95,Bruce,Another,TinDuplication
583,1,05-11-92,Akarsha,2,05-11-93,Tony,Tin,TinDuplication
584,3,05-11-94,Dragon,4,05-11-95,Bruce,Another,AddressStandardization
585,1,05-11-92,Akarsha,2,05-11-93,Tony,Tin,AddressStandardization
586,3,05-11-94,Dragon,4,05-11-95,Bruce,Another,AddressStandardization
